<?xml version="1.0" encoding="UTF-8"?>

<mule xmlns:http="http://www.mulesoft.org/schema/mule/http" xmlns="http://www.mulesoft.org/schema/mule/core"
	xmlns:doc="http://www.mulesoft.org/schema/mule/documentation"
	xmlns:xsi="http://www.w3.org/2001/XMLSchema-instance" xsi:schemaLocation="http://www.mulesoft.org/schema/mule/core http://www.mulesoft.org/schema/mule/core/current/mule.xsd
http://www.mulesoft.org/schema/mule/http http://www.mulesoft.org/schema/mule/http/current/mule-http.xsd">
	<http:listener-config name="HTTP_Listener_config" doc:name="HTTP Listener config" doc:id="ab324b70-ed27-4fd3-a85b-016c59e71955" >
		<http:listener-connection host="0.0.0.0" port="8081" />
		<http:listener-interceptors >
			<http:cors-interceptor >
				<http:origins >
					<http:public-resource />
				</http:origins>
			</http:cors-interceptor>
		</http:listener-interceptors>
	</http:listener-config>
	<http:request-config name="austroAPI" doc:name="HTTP Request configuration" doc:id="95d73e08-ef5e-4661-afcb-b20fa06ce54e">
		<http:request-connection host="localhost" port="8001" />
	</http:request-config>
	<http:request-config name="pichinchaAPI" doc:name="HTTP Request configuration" doc:id="21eec7e2-caab-4fd1-b9fb-ba088674f04f" >
		<http:request-connection host="localhost" port="8000" />
	</http:request-config>
	<http:request-config name="jepAPI" doc:name="HTTP Request configuration" doc:id="fe4100a1-6e94-4812-8f4d-7067902e8010">
		<http:request-connection host="0.0.0.0" port="8002" />
	</http:request-config>
	<http:request-config name="CorreoAPI" doc:name="HTTP Request configuration" doc:id="f9e95710-e316-45a5-ae6f-df463b1639a2" >
		<http:request-connection host="34.134.147.209" port="8000" />
	</http:request-config>
	<flow name="practica3_apiFlow" doc:id="2623bca3-c334-4570-a863-f39f8fe8fa07" >
		<http:listener doc:name="Listener" doc:id="dca00fc7-8b45-4ba3-9f17-633aabfe9c2b" config-ref="HTTP_Listener_config" path="/mule/transferencia" allowedMethods="POST"/>
		<set-variable value='#[message.attributes.queryParams.cedula as String default "NONE"]' doc:name="cedula" doc:id="c5d0be19-959e-4707-8fe3-5319de0839af" variableName="cedula"/>
		<set-variable value='#[message.attributes.queryParams.institucion_origen as String default "NONE"]' doc:name="institucion_origen" doc:id="a92fdc2b-f9e7-4c6e-a99c-c9ba60409999" variableName="institucion_origen"/>
		<set-variable value='#[message.attributes.queryParams.institucion_destino as String default "NONE"]' doc:name="institucion_destino" doc:id="f5da0737-aaa8-493f-b2da-b46d0edfad25" variableName="institucion_destino"/>
		<set-variable value='#[message.attributes.queryParams.cuenta_origen as String default "NONE"]' doc:name="cuenta_origen" doc:id="53b73dbb-45be-43da-b065-4619bb81e582" variableName="cuenta_origen"/>
		<set-variable value='#[message.attributes.queryParams.cuenta_destino as String default "NONE"]' doc:name="cuenta_destino" doc:id="6ab05e96-435f-4e07-b8a4-e77870ebad50" variableName="cuenta_destino"/>
		<set-variable value='#[message.attributes.queryParams.monto as String default "NONE"]' doc:name="monto" doc:id="6743dfb6-bea2-451c-a8ab-6432cdb5db15" variableName="monto"/>
		<choice doc:name="Debito" doc:id="ac445bcc-f3c4-4bb0-adf2-a7125ae6defa">
			<when expression="#[vars.institucion_origen=='JEP']">
				<http:request method="POST" doc:name="Request" doc:id="23258873-e17b-4c1b-a2a6-0c3682d68671" config-ref="jepAPI" path="/jep/private/debito" sendCorrelationId="NEVER">
					<http:query-params><![CDATA[#[output application/java
---
{
  "cedula": vars.cedula,
  "origen": vars.cuenta_origen,
  "monto": vars.monto
}]]]></http:query-params>
				</http:request>
			</when>
			<when expression="#[vars.institucion_origen=='AUSTRO']">
				<http:request method="POST" doc:name="Request" doc:id="58a41680-3af9-445a-812f-33d80c36385c" config-ref="austroAPI" path="/austro/private/debito">
					<http:query-params ><![CDATA[#[output application/java
---
{
  "cedula": vars.cedula,
  "origen": vars.cuenta_origen,
  "monto": vars.monto
}]]]></http:query-params>
				</http:request>
			</when>
			<when expression="#[vars.institucion_origen=='PICHINCHA']">
				<http:request method="POST" doc:name="Request" doc:id="a869eecc-5d73-4f37-b17e-98e119368c6f" config-ref="pichinchaAPI" path="/pichincha/private/debito">
					<http:query-params><![CDATA[#[output application/java
---
{
  "cedula": vars.cedula,
  "origen": vars.cuenta_origen,
  "monto": vars.monto
}]]]></http:query-params>
				</http:request>
			</when>
			<otherwise>
				<set-payload value="#[message.attributes.queryParams.cedula]" doc:name="Set Payload" doc:id="1eea89e7-de4b-4239-aedb-a9cf347e96b1" />
			</otherwise>
		</choice>
		<choice doc:name="Deposito" doc:id="f950d88f-c8ff-4003-9fa2-5d0124da2226">
			<when expression="#[vars.institucion_destino=='JEP']">
				<set-payload value="Deposito en la Jep" doc:name="Set Payload" doc:id="e1dfa84b-c2f7-42cf-9fd1-091bb6f58a12" />
				<http:request method="POST" doc:name="Request" doc:id="797e514d-773a-4aa0-bc74-e186f0c28562" config-ref="jepAPI" path="/jep/private/deposito">
					<http:query-params ><![CDATA[#[output application/java
---
{
  "destino": vars.cuenta_destino,
  "monto": vars.monto
}]]]></http:query-params>
				</http:request>
			</when>
			<when expression="#[vars.institucion_destino=='AUSTRO']">
				<set-payload value="Deposito en el austro" doc:name="Set Payload" doc:id="18500861-45bc-4586-8b34-4159a80dbf42" />
				<http:request method="POST" doc:name="Request" doc:id="3709e8d3-5744-4992-a92f-faae5f66dc4f" config-ref="austroAPI" path="/austro/private/deposito">
					<http:query-params ><![CDATA[#[output application/java
---
{
  "destino": vars.cuenta_destino,
  "monto": vars.monto
}]]]></http:query-params>
				</http:request>
			</when>
			<when expression="#[vars.institucion_destino=='PICHINCHA']">
				<set-payload value="Deposito en el pichincha" doc:name="Set Payload" doc:id="32bb8da8-eb64-46fe-a3b8-7c081fa6faa6" />
				<http:request method="POST" doc:name="Request" doc:id="72d020ee-a4e0-4e46-92bd-d8c85445c5e1" config-ref="pichinchaAPI" path="/pichincha/private/deposito">
					<http:query-params ><![CDATA[#[output application/java
---
{
  "destino": vars.cuenta_destino,
  "monto": vars.monto
}]]]></http:query-params>
				</http:request>
			</when>
			<otherwise>
				<set-payload value="#[vars.institucion_destino]" doc:name="Set Payload" doc:id="2778e02d-7c48-407b-8f1a-574882dcd3b9" />
			</otherwise>
		</choice>
	</flow>
	<flow name="practica3_apiFlow1" doc:id="f510c3c1-220c-446f-9efb-7fa1700ad330" >
		<http:listener doc:name="Listener" doc:id="e19a6560-eee5-49f6-97e7-8802593cc96c" config-ref="HTTP_Listener_config" path="/mule/send_mail" allowedMethods="POST"/>
		<set-variable value='#[message.attributes.queryParams.sendEmail_cedula as String default "NONE"]' doc:name="cedula" doc:id="10fa5f62-314c-4884-ad71-9a37308031b6" variableName="sendEmail_cedula"/>
		<set-variable value='#[message.attributes.queryParams.sendEmail_motivo as String default "NONE"]' doc:name="motivo" doc:id="98f2ed9e-2ff0-4f80-97e2-06fbc14257a6" variableName="sendEmail_motivo"/>
		<set-variable value='#[message.attributes.queryParams.sendEmail_monto as Number default "NONE"]' doc:name="monto" doc:id="13466eb1-55b1-4a85-b6fa-23b8ab050851" variableName="sendEmail_monto"/>
		<http:request method="POST" doc:name="Request" doc:id="012e096d-06af-4f24-aff5-0e8565434505" config-ref="CorreoAPI" path="/api/private/send_mail">
			<http:query-params ><![CDATA[#[output application/java
---
{
  "cedula": message.attributes.queryParams.sendEmail_cedula,
  "motivo": message.attributes.queryParams.sendEmail_motivo,
  "monto": message.attributes.queryParams.sendEmail_monto,
}]]]></http:query-params>
		</http:request>
		<set-payload value="#[payload]" doc:name="Set Payload" doc:id="f2268d31-e28a-460b-992c-1125b0a08504" />
	</flow>
	<flow name="practica3_apiFlow2" doc:id="945c50d0-83f0-44e6-8069-df9461a81c88" >
		<http:listener doc:name="Listener" doc:id="355c0f19-775c-4113-971f-fc03f25a2f4c" config-ref="HTTP_Listener_config" path="/mule/login"/>
		<set-variable value='#[message.attributes.queryParams.banco as String default "NONE"]' doc:name="Banco" doc:id="76f7abb9-f492-4198-8d44-3d31b1e380bf" variableName="banco"/>
		<set-variable value='#[message.attributes.queryParams.cedula_login as String default "NONE"]' doc:name="cedula" doc:id="1138a814-e620-483e-8951-8d257a789972" variableName="cedula_login"/>
		<choice doc:name="Choice" doc:id="4c56f4f2-d9e3-4bde-83d0-6413414376c4" >
			<when expression="#[vars.banco == 'JEP']">
				<set-payload value="#[payload]" doc:name="Set Payload" doc:id="30dbc9f6-bbe7-4fb9-ba75-9f2321603fd0" />
				<http:request method="GET" doc:name="Request" doc:id="37d381e5-838e-4b4b-8370-d66366db1561" config-ref="jepAPI" path="/jep/private/cuenta">
					<http:query-params ><![CDATA[#[output application/java
---
{
  "cedula": vars.cedula
}]]]></http:query-params>
				</http:request>
			</when>
			<when expression="#[vars.banco == 'AUSTRO']">
				<set-payload value="#[payload]" doc:name="Set Payload" doc:id="6ae491f7-eba9-4798-837b-0fd500b84525" />
				<http:request method="GET" doc:name="Request" doc:id="e541a46d-d859-42e3-8a05-95c28e4aa040" config-ref="austroAPI" path="/austro/private/cuenta">
					<http:query-params ><![CDATA[#[output application/java
---
{
  "cedula": vars.cedula
}]]]></http:query-params>
				</http:request>
			</when>
			<when expression="#[vars.banco == 'PICHINCHA']">
				<set-payload value="#[payload]" doc:name="Set Payload" doc:id="db00d6a3-812d-4bfd-b121-e683007429eb" />
				<http:request method="GET" doc:name="Request" doc:id="003a43be-4e52-4d10-ab5d-fcedf84d6855" path="/pichincha/private/cuenta" config-ref="pichinchaAPI">
					<http:query-params ><![CDATA[#[output application/java
---
{
  "cedula": vars.cedula
}]]]></http:query-params>
				</http:request>
			</when>
		</choice>
	</flow>
	<flow name="practica3_apiFlow3" doc:id="bdb6a4ce-569d-4352-9b85-ae3761338d31" >
		<http:listener doc:name="Listener" doc:id="4afe0fc2-f017-48f4-b862-6c0154700278" config-ref="HTTP_Listener_config" path="/mule/getCuenta"/>
		<set-variable value='#[message.attributes.queryParams.banco_cuenta as String default "NONE"]' doc:name="banco_cuenta" doc:id="dc93935e-d3d2-44d4-a484-5a450dc7d519" variableName="banco_cuenta"/>
		<set-variable value='#[message.attributes.queryParams.cedula_cuenta as String default "NONE"]' doc:name="cedula_cuenta" doc:id="d3d8be45-e9eb-4f03-90ef-95e7c7fb39de" variableName="cedula_cuenta"/>
		<choice doc:name="Choice" doc:id="cc332a9f-0ffb-40d2-9af8-7191ef57ee19" >
			<when expression="#[vars.banco_cuenta=='JEP']">
				<http:request method="GET" doc:name="Request" doc:id="78efe0ba-60c4-4eaa-b63a-7d709a3d8103" config-ref="jepAPI" path="/jep/private/mis_cuentas">
					<http:query-params ><![CDATA[#[output application/java
---
{
  "cedula": vars.cedula_cuenta
}]]]></http:query-params>
				</http:request>
			</when>
			<when expression="#[vars.banco_cuenta=='AUSTRO']">
				<http:request method="GET" doc:name="Request" doc:id="27c014a2-e2fa-4fc9-99d1-d6fad3122ac2" config-ref="austroAPI" path="/austro/private/mis_cuentas">
					<http:query-params ><![CDATA[#[output application/java
---
{
  "cedula": vars.cedula_cuenta
}]]]></http:query-params>
				</http:request>
			</when>
			<when expression="#[vars.banco_cuenta=='PICHINCHA']">
				<http:request method="GET" doc:name="Request" doc:id="50cf9bea-1384-4d30-9e47-131b829a5855" config-ref="pichinchaAPI" path="/pichincha/private/mis_cuentas">
					<http:query-params ><![CDATA[#[output application/java
---
{
  "cedula": vars.cedula_cuenta
}]]]></http:query-params>
				</http:request>
			</when>
		</choice>
	</flow>
</mule>
